length,word
4,able
4,acer
4,acid
4,acne
4,acre
4,acts
4,adds
4,aged
4,ages
4,aids
4,aims
4,also
4,alto
4,anti
4,aqua
4,arab
4,arch
4,area
4,arms
4,army
4,arts
4,asks
4,atom
4,auto
4,away
4,axis
4,babe
4,baby
4,back
4,bags
4,bald
4,ball
4,band
4,bang
4,bank
4,bare
4,barn
4,bars
4,base
4,bass
4,bath
4,beam
4,bean
4,bear
4,beat
4,beds
4,beef
4,been
4,beer
4,bell
4,belt
4,bend
4,bent
4,best
4,beta
4,bias
4,bids
4,bike
4,bill
4,bind
4,biol
4,bios
4,bird
4,bite
4,bits
4,blah
4,blow
4,blue
4,blvd
4,boat
4,body
4,bold
4,bolt
4,bomb
4,bond
4,bone
4,book
4,bool
4,boom
4,boot
4,born
4,boss
4,both
4,bowl
4,boys
4,bras
4,buck
4,bugs
4,bulk
4,bull
4,burn
4,bush
4,busy
4,buys
4,buzz
4,byte
4,cafe
4,cage
4,cake
4,call
4,calm
4,came
4,camp
4,cams
4,cant
4,cape
4,caps
4,card
4,care
4,cars
4,cart
4,casa
4,case
4,cash
4,cast
4,cats
4,cave
4,cell
4,cent
4,char
4,chat
4,chef
4,chem
4,chip
4,ciao
4,cite
4,city
4,clan
4,clay
4,clip
4,club
4,coal
4,coat
4,code
4,coin
4,cold
4,cole
4,come
4,comm
4,comp
4,conf
4,cons
4,cook
4,cool
4,cope
4,copy
4,cord
4,core
4,cork
4,corn
4,corp
4,cost
4,cove
4,crew
4,crop
4,ctrl
4,cube
4,cult
4,cups
4,cure
4,cute
4,cuts
4,dale
4,dame
4,dare
4,dark
4,dash
4,data
4,date
4,dawn
4,days
4,dead
4,deaf
4,deal
4,dean
4,dear
4,debt
4,deck
4,deep
4,deer
4,dell
4,demo
4,deny
4,dept
4,desk
4,dial
4,dice
4,died
4,dies
4,diet
4,diff
4,dirt
4,disc
4,dish
4,disk
4,dist
4,dive
4,dock
4,docs
4,does
4,dogs
4,doll
4,dome
4,done
4,dont
4,doom
4,door
4,dose
4,down
4,drag
4,draw
4,drew
4,drop
4,drug
4,drum
4,dual
4,duck
4,dude
4,duke
4,dumb
4,dump
4,dust
4,duty
4,each
4,earl
4,earn
4,ears
4,ease
4,east
4,easy
4,echo
4,edge
4,edit
4,eggs
4,else
4,ends
4,epic
4,euro
4,eval
4,even
4,ever
4,evil
4,exam
4,exec
4,exit
4,expo
4,eyed
4,eyes
4,face
4,fact
4,fail
4,fair
4,fake
4,fall
4,fame
4,fans
4,fare
4,farm
4,fast
4,fate
4,fear
4,feat
4,feed
4,feel
4,fees
4,feet
4,fell
4,felt
4,file
4,fill
4,film
4,find
4,fine
4,fire
4,firm
4,fish
4,fist
4,fits
4,five
4,flag
4,flat
4,flex
4,flip
4,flow
4,flux
4,foam
4,fold
4,folk
4,font
4,food
4,fool
4,foot
4,ford
4,fork
4,form
4,fort
4,foul
4,four
4,free
4,frog
4,from
4,fuel
4,fuji
4,full
4,fund
4,funk
4,gage
4,gain
4,gale
4,game
4,gang
4,gaps
4,gate
4,gave
4,gays
4,gear
4,geek
4,gene
4,gets
4,gift
4,girl
4,give
4,glad
4,glen
4,glow
4,goal
4,goat
4,gods
4,goes
4,gold
4,golf
4,gone
4,good
4,gore
4,goto
4,grab
4,grad
4,gras
4,gray
4,grew
4,grey
4,grid
4,grip
4,grow
4,guam
4,gulf
4,guns
4,guru
4,guys
4,hack
4,hair
4,half
4,hall
4,halo
4,hand
4,hang
4,hard
4,harm
4,hart
4,hash
4,hate
4,hats
4,have
4,hawk
4,head
4,hear
4,heat
4,heel
4,held
4,help
4,herb
4,here
4,hero
4,hide
4,high
4,hill
4,hint
4,hire
4,hist
4,hits
4,hold
4,hole
4,holy
4,home
4,hong
4,hood
4,hook
4,hope
4,horn
4,hose
4,host
4,hour
4,huge
4,hull
4,hung
4,hunt
4,hurt
4,icon
4,idea
4,idle
4,idol
4,ieee
4,inch
4,incl
4,info
4,inns
4,intl
4,into
4,iowa
4,iron
4,isle
4,item
4,jack
4,jade
4,jail
4,jake
4,java
4,jazz
4,jean
4,jeep
4,jets
4,jews
4,jobs
4,join
4,joke
4,july
4,jump
4,june
4,junk
4,jury
4,just
4,keen
4,keep
4,keno
4,kept
4,keys
4,kick
4,kids
4,kill
4,kind
4,king
4,kiss
4,kits
4,knee
4,knew
4,knit
4,know
4,kong
4,labs
4,lace
4,lack
4,lady
4,laid
4,lake
4,lamb
4,lamp
4,land
4,lane
4,lang
4,last
4,late
4,lawn
4,laws
4,lazy
4,lead
4,leaf
4,lean
4,left
4,legs
4,lens
4,leon
4,less
4,lets
4,levy
4,libs
4,lies
4,life
4,lift
4,like
4,lime
4,line
4,link
4,lion
4,lips
4,list
4,lite
4,live
4,load
4,loan
4,lock
4,logo
4,logs
4,lone
4,long
4,look
4,loop
4,lord
4,lose
4,loss
4,lost
4,lots
4,loud
4,love
4,lows
4,luck
4,lung
4,made
4,mail
4,main
4,make
4,male
4,mall
4,many
4,maps
4,mark
4,mars
4,mart
4,mask
4,mass
4,mate
4,math
4,mats
4,meal
4,mean
4,meat
4,meet
4,memo
4,mens
4,ment
4,menu
4,mere
4,mesa
4,mesh
4,mess
4,mice
4,midi
4,mike
4,mild
4,mile
4,milk
4,mill
4,mime
4,mind
4,mine
4,mini
4,mins
4,mint
4,misc
4,miss
4,mode
4,mods
4,mold
4,moms
4,mono
4,mood
4,moon
4,more
4,moss
4,most
4,move
4,much
4,must
4,myth
4,nail
4,name
4,nasa
4,nato
4,navy
4,near
4,neck
4,need
4,neon
4,nest
4,news
4,next
4,nice
4,nick
4,nine
4,node
4,none
4,noon
4,norm
4,nose
4,note
4,nova
4,nuke
4,null
4,nuts
4,oaks
4,odds
4,oils
4,okay
4,once
4,ones
4,only
4,onto
4,oops
4,open
4,oral
4,ours
4,oval
4,oven
4,over
4,owns
4,pace
4,pack
4,pads
4,page
4,paid
4,pain
4,pair
4,pale
4,palm
4,para
4,park
4,part
4,paso
4,pass
4,past
4,path
4,pays
4,peak
4,peas
4,peer
4,pens
4,pest
4,pets
4,phys
4,pick
4,pics
4,pike
4,pill
4,pine
4,ping
4,pink
4,pins
4,pipe
4,plan
4,play
4,plot
4,plug
4,plus
4,poem
4,poet
4,pole
4,poll
4,polo
4,poly
4,pond
4,pool
4,poor
4,pope
4,pork
4,port
4,pose
4,post
4,pour
4,pray
4,prep
4,prev
4,prix
4,proc
4,pros
4,pubs
4,pull
4,pump
4,punk
4,pure
4,push
4,puts
4,quad
4,quit
4,quiz
4,race
4,rack
4,rage
4,raid
4,rail
4,rain
4,rand
4,rank
4,rare
4,rate
4,rats
4,rays
4,read
4,real
4,rear
4,reed
4,reef
4,reel
4,rely
4,reno
4,rent
4,rest
4,rice
4,rich
4,ride
4,ring
4,ripe
4,rise
4,risk
4,road
4,rock
4,role
4,roll
4,rome
4,roof
4,room
4,root
4,rope
4,rose
4,rows
4,ruby
4,rugs
4,rule
4,runs
4,rush
4,safe
4,sage
4,said
4,sail
4,sake
4,sale
4,salt
4,same
4,sand
4,sans
4,save
4,says
4,scan
4,seal
4,seas
4,seat
4,seed
4,seek
4,seem
4,seen
4,sees
4,self
4,sell
4,semi
4,send
4,sent
4,sept
4,sets
4,shaw
4,shed
4,ship
4,shoe
4,shop
4,shot
4,show
4,shut
4,sick
4,side
4,sign
4,silk
4,sims
4,sing
4,sink
4,site
4,size
4,skin
4,skip
4,slim
4,slip
4,slot
4,slow
4,snap
4,snow
4,soap
4,sofa
4,soft
4,soil
4,sold
4,sole
4,solo
4,soma
4,some
4,song
4,sons
4,soon
4,sort
4,soul
4,soup
4,spam
4,span
4,spas
4,spec
4,spin
4,spot
4,star
4,stat
4,stay
4,stem
4,step
4,stop
4,stud
4,such
4,suit
4,sure
4,surf
4,swap
4,swim
4,sync
4,tabs
4,tags
4,tail
4,take
4,tale
4,talk
4,tall
4,tank
4,tape
4,task
4,taxi
4,team
4,tear
4,tech
4,teen
4,tell
4,temp
4,tend
4,tent
4,term
4,test
4,text
4,thai
4,than
4,that
4,thee
4,them
4,then
4,they
4,thin
4,this
4,thou
4,thru
4,thus
4,tide
4,tied
4,tier
4,ties
4,tile
4,till
4,time
4,tiny
4,tips
4,tire
4,told
4,toll
4,tone
4,tons
4,took
4,tool
4,tops
4,tour
4,town
4,toys
4,trap
4,tray
4,tree
4,trek
4,trim
4,trio
4,trip
4,true
4,tube
4,tune
4,turn
4,twin
4,type
4,ugly
4,undo
4,unit
4,univ
4,unix
4,unto
4,upon
4,urge
4,used
4,user
4,uses
4,vary
4,vast
4,very
4,vice
4,view
4,viii
4,visa
4,void
4,volt
4,vote
4,wage
4,wait
4,wake
4,walk
4,wall
4,walt
4,want
4,ward
4,ware
4,warm
4,wars
4,wash
4,watt
4,wave
4,ways
4,weak
4,wear
4,weed
4,week
4,well
4,went
4,were
4,west
4,what
4,when
4,whom
4,wide
4,wife
4,wild
4,will
4,wind
4,wine
4,wing
4,wins
4,wire
4,wise
4,wish
4,with
4,wolf
4,wood
4,wool
4,word
4,work
4,worm
4,worn
4,wrap
4,yale
4,yang
4,yard
4,yarn
4,yeah
4,year
4,yoga
4,york
4,your
4,zero
4,zinc
4,zone
4,zoom
5,about
5,above
5,abuse
5,acids
5,acres
5,actor
5,acute
5,adams
5,added
5,admit
5,adobe
5,adopt
5,adult
5,after
5,again
5,agent
5,aging
5,agree
5,ahead
5,aimed
5,alarm
5,album
5,alert
5,alias
5,alien
5,align
5,alike
5,alive
5,allow
5,alloy
5,alone
5,along
5,alpha
5,alter
5,amber
5,amend
5,amino
5,among
5,angel
5,anger
5,angle
5,angry
5,anime
5,annex
5,apart
5,apple
5,apply
5,april
5,arbor
5,areas
5,arena
5,argue
5,arise
5,armed
5,armor
5,array
5,arrow
5,ascii
5,asian
5,aside
5,asked
5,asset
5,atlas
5,audio
5,audit
5,autos
5,avoid
5,award
5,aware
5,awful
5,babes
5,bacon
5,badge
5,badly
5,baker
5,bands
5,banks
5,based
5,bases
5,basic
5,basin
5,basis
5,batch
5,baths
5,beach
5,beads
5,beans
5,bears
5,beast
5,beats
5,began
5,begin
5,begun
5,being
5,belly
5,below
5,belts
5,bench
5,berry
5,bible
5,bikes
5,bills
5,bingo
5,birds
5,birth
5,black
5,blade
5,blame
5,blank
5,blast
5,blend
5,bless
5,blind
5,blink
5,block
5,blond
5,blood
5,bloom
5,blues
5,board
5,boats
5,bonds
5,bones
5,bonus
5,books
5,boost
5,booth
5,boots
5,booty
5,bored
5,bound
5,boxed
5,boxes
5,brain
5,brake
5,brand
5,brass
5,brave
5,bread
5,break
5,breed
5,brick
5,brief
5,bring
5,broad
5,broke
5,brook
5,brown
5,brush
5,bucks
5,buddy
5,build
5,built
5,bunch
5,bunny
5,burke
5,burns
5,burst
5,buses
5,butts
5,buyer
5,bytes
5,cabin
5,cable
5,cache
5,cakes
5,calls
5,camel
5,camps
5,canal
5,candy
5,canon
5,cards
5,cargo
5,carol
5,carry
5,cases
5,catch
5,cause
5,cedar
5,cells
5,cents
5,chain
5,chair
5,chaos
5,charm
5,chart
5,chase
5,cheap
5,cheat
5,check
5,chess
5,chest
5,chevy
5,chick
5,chief
5,child
5,china
5,chips
5,choir
5,chose
5,cisco
5,cited
5,civic
5,civil
5,claim
5,class
5,clean
5,clear
5,clerk
5,click
5,cliff
5,climb
5,clips
5,clock
5,clone
5,close
5,cloth
5,cloud
5,clubs
5,coach
5,coast
5,codes
5,cohen
5,coins
5,colon
5,color
5,combo
5,comes
5,comic
5,condo
5,const
5,coral
5,corps
5,costa
5,costs
5,could
5,count
5,court
5,cover
5,crack
5,craft
5,craps
5,crash
5,crazy
5,cream
5,creek
5,crest
5,crime
5,crops
5,cross
5,crowd
5,crown
5,crude
5,cubic
5,curve
5,cyber
5,cycle
5,czech
5,daddy
5,daily
5,dairy
5,daisy
5,dance
5,dated
5,dates
5,deals
5,dealt
5,death
5,debug
5,debut
5,decor
5,delay
5,delhi
5,delta
5,dense
5,depot
5,depth
5,derby
5,devel
5,devil
5,diary
5,digit
5,dirty
5,disco
5,discs
5,disks
5,dodge
5,doing
5,dolls
5,donor
5,doors
5,doubt
5,dover
5,dozen
5,draft
5,drain
5,drama
5,drawn
5,draws
5,dream
5,dress
5,dried
5,drill
5,drink
5,drive
5,drops
5,drove
5,drugs
5,drums
5,drunk
5,dryer
5,dutch
5,dying
5,eagle
5,early
5,earth
5,edges
5,eight
5,elder
5,elect
5,elite
5,empty
5,ended
5,enemy
5,enjoy
5,enter
5,entry
5,equal
5,error
5,essay
5,essex
5,euros
5,event
5,every
5,exact
5,exams
5,excel
5,exist
5,extra
5,faced
5,faces
5,facts
5,fails
5,fairy
5,faith
5,falls
5,false
5,fancy
5,fares
5,farms
5,fatal
5,fatty
5,fault
5,favor
5,fears
5,feeds
5,feels
5,fence
5,ferry
5,fever
5,fewer
5,fiber
5,fibre
5,field
5,fifth
5,fifty
5,fight
5,filed
5,files
5,films
5,final
5,finds
5,fired
5,fires
5,firms
5,first
5,fixed
5,fixes
5,flags
5,flame
5,flash
5,fleet
5,flesh
5,float
5,flood
5,floor
5,flour
5,flows
5,fluid
5,flush
5,flyer
5,focal
5,focus
5,folks
5,fonts
5,foods
5,force
5,forge
5,forms
5,forth
5,forty
5,forum
5,found
5,frame
5,frank
5,fraud
5,fresh
5,front
5,frost
5,fruit
5,fully
5,funds
5,funky
5,funny
5,fuzzy
5,gains
5,games
5,gamma
5,gauge
5,genes
5,genre
5,ghost
5,giant
5,gifts
5,girls
5,given
5,gives
5,glass
5,globe
5,glory
5,gnome
5,goals
5,going
5,gonna
5,goods
5,gotta
5,grace
5,grade
5,grain
5,grams
5,grand
5,grant
5,graph
5,grass
5,grave
5,great
5,greek
5,green
5,grill
5,gross
5,group
5,grove
5,grown
5,grows
5,guard
5,guess
5,guest
5,guide
5,guild
5,hairy
5,hands
5,handy
5,happy
5,harry
5,haven
5,hayes
5,heads
5,heard
5,heart
5,heath
5,heavy
5,hello
5,helps
5,hence
5,henry
5,herbs
5,highs
5,hills
5,hindu
5,hints
5,hired
5,hobby
5,holds
5,holes
5,holly
5,homes
5,honda
5,honey
5,honor
5,hoped
5,hopes
5,horse
5,hosts
5,hotel
5,hours
5,house
5,human
5,humor
5,icons
5,ideal
5,ideas
5,image
5,index
5,inner
5,input
5,inter
5,intro
5,iraqi
5,irish
5,islam
5,issue
5,items
5,ivory
5,jeans
5,jewel
5,johns
5,joins
5,joint
5,jokes
5,judge
5,juice
5,karma
5,keeps
5,kills
5,kinds
5,kings
5,knife
5,knock
5,known
5,knows
5,kodak
5,label
5,labor
5,laden
5,lakes
5,lamps
5,lance
5,lands
5,lanes
5,large
5,laser
5,later
5,latex
5,latin
5,laugh
5,layer
5,leads
5,learn
5,lease
5,least
5,leave
5,leeds
5,legal
5,lemon
5,level
5,light
5,liked
5,likes
5,limit
5,lined
5,lines
5,links
5,lions
5,lists
5,lived
5,liver
5,lives
5,loads
5,loans
5,lobby
5,local
5,locks
5,lodge
5,logic
5,login
5,looks
5,loops
5,loose
5,lotus
5,loved
5,lover
5,loves
5,lower
5,lucky
5,lunch
5,lying
5,lyric
5,macro
5,magic
5,mails
5,major
5,maker
5,makes
5,males
5,mambo
5,manga
5,manor
5,maple
5,march
5,mardi
5,marks
5,marsh
5,mason
5,match
5,maybe
5,mayor
5,mazda
5,meals
5,means
5,meant
5,medal
5,media
5,meets
5,menus
5,mercy
5,merge
5,merit
5,merry
5,metal
5,meter
5,metro
5,micro
5,might
5,miles
5,mills
5,minds
5,mines
5,minor
5,minus
5,mixed
5,mixer
5,model
5,modem
5,modes
5,money
5,monte
5,month
5,moore
5,moral
5,motel
5,motor
5,mount
5,mouse
5,mouth
5,moved
5,moves
5,movie
5,multi
5,music
5,nails
5,naked
5,named
5,names
5,nasty
5,naval
5,needs
5,nerve
5,never
5,newer
5,newly
5,night
5,nikon
5,noble
5,nodes
5,noise
5,north
5,noted
5,notes
5,notre
5,novel
5,nurse
5,nylon
5,oasis
5,occur
5,ocean
5,offer
5,often
5,older
5,olive
5,omaha
5,omega
5,onion
5,opens
5,opera
5,orbit
5,order
5,organ
5,other
5,ought
5,outer
5,owned
5,owner
5,oxide
5,ozone
5,packs
5,pages
5,paint
5,pairs
5,panel
5,panic
5,pants
5,paper
5,papua
5,parks
5,parts
5,party
5,pasta
5,paste
5,patch
5,paths
5,patio
5,peace
5,pearl
5,peers
5,penny
5,phase
5,phone
5,photo
5,piano
5,picks
5,piece
5,pills
5,pilot
5,pipes
5,pitch
5,pixel
5,pizza
5,place
5,plain
5,plane
5,plans
5,plant
5,plate
5,plays
5,plaza
5,plots
5,poems
5,point
5,poker
5,polar
5,polls
5,pools
5,ports
5,posts
5,pound
5,power
5,press
5,price
5,pride
5,prime
5,print
5,prior
5,prize
5,probe
5,promo
5,proof
5,proud
5,prove
5,proxy
5,pulse
5,pumps
5,punch
5,puppy
5,purse
5,queen
5,query
5,quest
5,queue
5,quick
5,quiet
5,quilt
5,quite
5,quote
5,races
5,racks
5,radar
5,radio
5,raise
5,rally
5,ranch
5,range
5,ranks
5,rapid
5,rated
5,rates
5,ratio
5,reach
5,reads
5,ready
5,realm
5,rebel
5,refer
5,relax
5,relay
5,remix
5,renew
5,reply
5,reset
5,retro
5,rider
5,rides
5,ridge
5,right
5,rings
5,risks
5,river
5,roads
5,robin
5,robot
5,rocks
5,rocky
5,roger
5,roles
5,rolls
5,roman
5,rooms
5,roots
5,roses
5,rouge
5,rough
5,round
5,route
5,rover
5,royal
5,rugby
5,ruled
5,rules
5,rural
5,safer
5,saint
5,salad
5,sales
5,salon
5,samba
5,sandy
5,satin
5,sauce
5,saudi
5,saved
5,saver
5,saves
5,scale
5,scary
5,scene
5,scoop
5,scope
5,score
5,scout
5,screw
5,scuba
5,seats
5,seeds
5,seeks
5,seems
5,sells
5,sends
5,sense
5,serum
5,serve
5,setup
5,seven
5,shade
5,shaft
5,shake
5,shall
5,shame
5,shape
5,share
5,shark
5,sharp
5,sheep
5,sheer
5,sheet
5,shelf
5,shell
5,shift
5,shine
5,ships
5,shirt
5,shock
5,shoes
5,shoot
5,shops
5,shore
5,short
5,shots
5,shown
5,shows
5,sides
5,sight
5,sigma
5,signs
5,silly
5,since
5,sites
5,sixth
5,sized
5,sizes
5,skill
5,skins
5,skirt
5,slave
5,sleep
5,slide
5,slope
5,slots
5,small
5,smart
5,smell
5,smile
5,smith
5,smoke
5,snake
5,socks
5,solar
5,solid
5,solve
5,songs
5,sonic
5,sorry
5,sorts
5,souls
5,sound
5,south
5,space
5,spank
5,spare
5,speak
5,specs
5,speed
5,spell
5,spend
5,spent
5,sperm
5,spice
5,spies
5,spine
5,split
5,spoke
5,sport
5,spots
5,spray
5,squad
5,stack
5,staff
5,stage
5,stake
5,stamp
5,stand
5,stars
5,start
5,state
5,stats
5,stays
5,steal
5,steam
5,steel
5,steps
5,stick
5,still
5,stock
5,stone
5,stood
5,stops
5,store
5,storm
5,story
5,strap
5,strip
5,stuck
5,study
5,stuff
5,style
5,sugar
5,suite
5,suits
5,sunny
5,super
5,surge
5,sweet
5,swift
5,swing
5,swiss
5,sword
5,table
5,taken
5,takes
5,tales
5,talks
5,tamil
5,tampa
5,tanks
5,tapes
5,tasks
5,taste
5,taxes
5,teach
5,teams
5,tears
5,teddy
5,teens
5,teeth
5,tells
5,terms
5,tests
5,texts
5,thank
5,thats
5,theft
5,their
5,theme
5,there
5,these
5,theta
5,thick
5,thing
5,think
5,third
5,thong
5,those
5,three
5,throw
5,thumb
5,tiger
5,tight
5,tiles
5,timer
5,times
5,tired
5,tires
5,title
5,today
5,token
5,toner
5,tones
5,tools
5,tooth
5,topic
5,total
5,touch
5,tough
5,tours
5,tower
5,towns
5,toxic
5,trace
5,track
5,tract
5,trade
5,trail
5,train
5,trans
5,trash
5,treat
5,trees
5,trend
5,trial
5,tribe
5,trick
5,tried
5,tries
5,trips
5,trout
5,truck
5,truly
5,trunk
5,trust
5,truth
5,tubes
5,tulsa
5,tumor
5,tuner
5,tunes
5,turbo
5,turns
5,twice
5,twins
5,twist
5,types
5,ultra
5,uncle
5,under
5,union
5,units
5,unity
5,until
5,upper
5,upset
5,urban
5,usage
5,users
5,using
5,usual
5,valid
5,value
5,valve
5,vault
5,venue
5,verde
5,verse
5,video
5,views
5,villa
5,vinyl
5,viral
5,virus
5,visit
5,vista
5,vital
5,vocal
5,voice
5,voted
5,votes
5,wages
5,wagon
5,wales
5,walks
5,walls
5,wanna
5,wants
5,waste
5,watch
5,water
5,watts
5,waves
5,weeks
5,weird
5,wells
5,welsh
5,whale
5,whats
5,wheat
5,wheel
5,where
5,which
5,while
5,white
5,whole
5,whose
5,wider
5,width
5,winds
5,wines
5,wings
5,wired
5,wires
5,witch
5,wives
5,woman
5,women
5,woods
5,words
5,works
5,world
5,worry
5,worse
5,worst
5,worth
5,would
5,wound
5,wrist
5,write
5,wrong
5,wrote
5,xerox
5,yacht
5,yards
5,years
5,yeast
5,yield
5,young
5,yours
5,youth
5,yukon
5,zones
6,abroad
6,absent
6,accent
6,accept
6,access
6,across
6,acting
6,action
6,active
6,actors
6,actual
6,adding
6,adjust
6,adults
6,advert
6,advice
6,advise
6,aerial
6,affair
6,affect
6,afford
6,afraid
6,agency
6,agenda
6,agents
6,agreed
6,agrees
6,albany
6,albums
6,alerts
6,allied
6,allows
6,almost
6,alpine
6,alumni
6,always
6,amazon
6,amount
6,analog
6,anchor
6,angels
6,animal
6,annual
6,answer
6,anyone
6,anyway
6,apache
6,apollo
6,appeal
6,appear
6,approx
6,arabic
6,arcade
6,arctic
6,argued
6,around
6,arrest
6,arrive
6,artist
6,asking
6,aspect
6,assess
6,assets
6,assign
6,assist
6,assume
6,assure
6,asthma
6,asylum
6,athens
6,atomic
6,attach
6,attack
6,attend
6,auburn
6,august
6,aurora
6,author
6,autumn
6,avatar
6,avenue
6,awards
6,babies
6,backed
6,backup
6,bailey
6,baking
6,ballet
6,ballot
6,banana
6,banned
6,banner
6,barely
6,barrel
6,basics
6,basket
6,batman
6,battle
6,beauty
6,beaver
6,became
6,become
6,before
6,begins
6,behalf
6,behind
6,beings
6,belief
6,belong
6,beside
6,better
6,beyond
6,bhutan
6,bidder
6,bigger
6,bikini
6,binary
6,bishop
6,blacks
6,blades
6,blocks
6,blonde
6,boards
6,bodies
6,border
6,boring
6,bother
6,bottle
6,bottom
6,bought
6,boxing
6,brakes
6,branch
6,brands
6,breach
6,breaks
6,breast
6,breath
6,breeds
6,bridal
6,bridge
6,briefs
6,bright
6,brings
6,broken
6,broker
6,bronze
6,browse
6,brutal
6,bubble
6,budget
6,buffer
6,builds
6,bullet
6,bumper
6,bundle
6,burden
6,bureau
6,buried
6,burner
6,butler
6,butter
6,button
6,buyers
6,buying
6,cables
6,cached
6,called
6,camera
6,campus
6,cancel
6,cancer
6,candle
6,cannon
6,canvas
6,canyon
6,carbon
6,career
6,caring
6,carpet
6,casino
6,castle
6,casual
6,cattle
6,caught
6,caused
6,causes
6,cayman
6,celtic
6,cement
6,census
6,center
6,centre
6,chains
6,chairs
6,chance
6,change
6,chapel
6,charge
6,charms
6,charts
6,cheats
6,checks
6,cheers
6,cheese
6,cheque
6,cherry
6,chicks
6,choice
6,choose
6,chorus
6,chosen
6,christ
6,chrome
6,chubby
6,church
6,cinema
6,circle
6,circus
6,cities
6,claims
6,clarke
6,clause
6,clicks
6,client
6,clinic
6,clocks
6,closed
6,closer
6,closes
6,clouds
6,cloudy
6,coated
6,coding
6,coffee
6,collar
6,colony
6,colors
6,colour
6,column
6,combat
6,comedy
6,comics
6,coming
6,commit
6,common
6,comply
6,condos
6,cooked
6,cooler
6,cooper
6,copied
6,copies
6,copper
6,corner
6,corpus
6,cotton
6,counts
6,county
6,couple
6,coupon
6,course
6,courts
6,covers
6,cowboy
6,cradle
6,crafts
6,create
6,credit
6,crimes
6,crisis
6,cruise
6,cursor
6,curves
6,custom
6,cycles
6,damage
6,danger
6,danish
6,dating
6,dayton
6,deadly
6,dealer
6,deaths
6,debate
6,decade
6,decent
6,decide
6,deemed
6,deeper
6,deeply
6,defeat
6,defend
6,define
6,degree
6,delays
6,delete
6,deluxe
6,demand
6,denial
6,denied
6,dental
6,depend
6,deputy
6,desert
6,design
6,desire
6,detail
6,detect
6,device
6,dialog
6,diesel
6,differ
6,digest
6,dining
6,dinner
6,direct
6,dishes
6,divide
6,divine
6,diving
6,doctor
6,dollar
6,domain
6,donate
6,donors
6,dosage
6,double
6,dozens
6,dragon
6,dreams
6,drinks
6,driven
6,driver
6,drives
6,durham
6,during
6,duties
6,eagles
6,earned
6,easier
6,easily
6,easter
6,eating
6,edited
6,editor
6,effect
6,effort
6,either
6,eleven
6,empire
6,employ
6,enable
6,ending
6,energy
6,engage
6,engine
6,enough
6,ensure
6,enters
6,entire
6,entity
6,enzyme
6,equity
6,errors
6,escape
6,essays
6,estate
6,ethics
6,ethnic
6,events
6,exceed
6,except
6,excess
6,excuse
6,exempt
6,exists
6,exotic
6,expand
6,expect
6,expert
6,export
6,extend
6,extent
6,extras
6,fabric
6,facial
6,facing
6,factor
6,failed
6,fairly
6,fallen
6,family
6,famous
6,farmer
6,faster
6,father
6,favors
6,favour
6,fellow
6,female
6,fetish
6,fields
6,figure
6,filing
6,filled
6,filter
6,finals
6,finder
6,finest
6,finger
6,finish
6,finite
6,fiscal
6,fisher
6,fitted
6,flavor
6,fleece
6,flight
6,floors
6,floppy
6,floral
6,flower
6,flying
6,folder
6,follow
6,forced
6,forces
6,forest
6,forget
6,forgot
6,formal
6,format
6,formed
6,former
6,forums
6,fossil
6,foster
6,fought
6,fourth
6,framed
6,frames
6,fraser
6,freely
6,freeze
6,french
6,friday
6,fridge
6,friend
6,frozen
6,fruits
6,funded
6,fusion
6,future
6,gained
6,galaxy
6,gaming
6,garage
6,garden
6,garlic
6,gather
6,gender
6,genius
6,genome
6,genres
6,gentle
6,gently
6,german
6,giants
6,gibson
6,giving
6,glance
6,global
6,gloves
6,golden
6,gospel
6,gossip
6,gothic
6,gotten
6,grades
6,graham
6,grande
6,granny
6,grants
6,graphs
6,gratis
6,groove
6,ground
6,groups
6,growth
6,guards
6,guests
6,guided
6,guides
6,guilty
6,guinea
6,guitar
6,guyana
6,habits
6,hacker
6,hammer
6,handed
6,handle
6,happen
6,harbor
6,harder
6,hardly
6,harper
6,having
6,hazard
6,headed
6,header
6,health
6,hearts
6,heated
6,heater
6,heaven
6,hebrew
6,height
6,helmet
6,helped
6,herald
6,herbal
6,hereby
6,herein
6,heroes
6,hidden
6,higher
6,highly
6,hiking
6,hiring
6,hockey
6,holder
6,hollow
6,holmes
6,honest
6,honors
6,hoping
6,horror
6,horses
6,hosted
6,hostel
6,hotels
6,hourly
6,houses
6,howard
6,hudson
6,hughes
6,humans
6,hunger
6,hungry
6,hunter
6,hybrid
6,ignore
6,images
6,immune
6,impact
6,import
6,impose
6,inches
6,income
6,indeed
6,indian
6,indoor
6,infant
6,inform
6,injury
6,inline
6,inputs
6,insert
6,inside
6,intake
6,intend
6,intent
6,invest
6,invite
6,island
6,issued
6,issues
6,italic
6,itself
6,jacket
6,jaguar
6,jersey
6,jewish
6,joined
6,judges
6,jungle
6,junior
6,kernel
6,kidney
6,killed
6,killer
6,kinase
6,knight
6,knives
6,korean
6,kuwait
6,labels
6,labour
6,ladder
6,ladies
6,lambda
6,laptop
6,larger
6,lately
6,latest
6,latino
6,latter
6,launch
6,lawyer
6,layers
6,layout
6,leader
6,league
6,leaves
6,legacy
6,legend
6,lender
6,length
6,lenses
6,lesser
6,lesson
6,letter
6,levels
6,liable
6,lights
6,likely
6,limits
6,linear
6,linked
6,liquid
6,listed
6,listen
6,little
6,living
6,loaded
6,locale
6,locate
6,locked
6,logged
6,lonely
6,longer
6,looked
6,lookup
6,losing
6,losses
6,lounge
6,lovely
6,lovers
6,loving
6,lowest
6,luxury
6,lyrics
6,madrid
6,magnet
6,maiden
6,mailed
6,mainly
6,makers
6,makeup
6,making
6,manage
6,manner
6,manual
6,marble
6,margin
6,marina
6,marine
6,marked
6,marker
6,market
6,martin
6,marvel
6,master
6,mating
6,matrix
6,matter
6,mature
6,median
6,medium
6,member
6,memory
6,mental
6,mentor
6,merely
6,merger
6,metals
6,meters
6,method
6,metres
6,metric
6,middle
6,mighty
6,miller
6,mining
6,minute
6,mirror
6,missed
6,mixing
6,mobile
6,models
6,modems
6,modern
6,modify
6,module
6,moment
6,monaco
6,monday
6,monkey
6,months
6,mostly
6,motels
6,mother
6,motion
6,motors
6,mounts
6,movers
6,movies
6,moving
6,munich
6,murder
6,murphy
6,muscle
6,museum
6,muslim
6,mutual
6,myrtle
6,myself
6,namely
6,naples
6,narrow
6,nation
6,native
6,nature
6,nearby
6,nearly
6,needed
6,needle
6,nested
6,neural
6,newark
6,newest
6,newton
6,nickel
6,nights
6,nobody
6,normal
6,norman
6,notice
6,notify
6,notion
6,novels
6,nudist
6,number
6,nurses
6,object
6,obtain
6,occurs
6,offers
6,office
6,offset
6,oldest
6,opened
6,optics
6,option
6,oracle
6,orange
6,orders
6,origin
6,others
6,outlet
6,output
6,owners
6,oxford
6,oxygen
6,packed
6,packet
6,palace
6,panels
6,papers
6,parade
6,parcel
6,parent
6,parish
6,partly
6,passed
6,passes
6,pastor
6,patent
6,patrol
6,payday
6,paying
6,peeing
6,pencil
6,people
6,pepper
6,period
6,permit
6,person
6,petite
6,phases
6,phones
6,photos
6,phrase
6,picked
6,pickup
6,picnic
6,pieces
6,pierce
6,pillow
6,pixels
6,placed
6,places
6,plains
6,planes
6,planet
6,plants
6,plasma
6,plates
6,played
6,player
6,please
6,pledge
6,plenty
6,pocket
6,poetry
6,points
6,poison
6,police
6,policy
6,polish
6,portal
6,porter
6,posing
6,postal
6,posted
6,poster
6,potato
6,potter
6,pounds
6,powder
6,powers
6,prague
6,praise
6,prayer
6,prefer
6,prefix
6,pretty
6,priced
6,prices
6,priest
6,prince
6,prints
6,prison
6,prizes
6,profit
6,prompt
6,proper
6,proved
6,proven
6,public
6,pulled
6,pupils
6,purple
6,pursue
6,pushed
6,puzzle
6,python
6,queens
6,quoted
6,quotes
6,rabbit
6,racial
6,racing
6,radios
6,radius
6,raised
6,raises
6,random
6,ranger
6,ranges
6,ranked
6,rapids
6,rarely
6,rather
6,rating
6,ratios
6,reader
6,really
6,realty
6,reason
6,rebate
6,recall
6,recent
6,recipe
6,record
6,redeem
6,reduce
6,refers
6,refine
6,reform
6,refund
6,refuse
6,regard
6,reggae
6,regime
6,region
6,reject
6,relate
6,relief
6,reload
6,remain
6,remark
6,remedy
6,remind
6,remote
6,remove
6,render
6,rental
6,repair
6,repeat
6,report
6,rescue
6,resist
6,resort
6,result
6,resume
6,retail
6,retain
6,return
6,reveal
6,review
6,reward
6,rhythm
6,ribbon
6,riders
6,riding
6,rights
6,rising
6,rivers
6,robots
6,robust
6,rocket
6,rogers
6,rolled
6,roller
6,roster
6,rotary
6,rounds
6,router
6,routes
6,rubber
6,ruling
6,runner
6,sacred
6,safari
6,safely
6,safety
6,saints
6,salary
6,salmon
6,sample
6,saturn
6,savage
6,saving
6,saying
6,scales
6,scared
6,scenes
6,scenic
6,schema
6,scheme
6,school
6,scored
6,scores
6,screen
6,script
6,scroll
6,sealed
6,search
6,season
6,second
6,secret
6,sector
6,secure
6,seeing
6,seeker
6,seemed
6,select
6,seller
6,senate
6,sender
6,senior
6,sensor
6,serial
6,series
6,served
6,server
6,serves
6,settle
6,severe
6,sewing
6,sexual
6,shades
6,shadow
6,shaped
6,shapes
6,shared
6,shares
6,shaved
6,sheets
6,shield
6,shirts
6,shorts
6,should
6,showed
6,shower
6,sierra
6,signal
6,signed
6,silent
6,silver
6,simple
6,simply
6,singer
6,single
6,sister
6,skiing
6,skills
6,skirts
6,sleeps
6,sleeve
6,slides
6,slight
6,slovak
6,slowly
6,smooth
6,soccer
6,social
6,socket
6,sodium
6,solely
6,solved
6,sorted
6,sought
6,sounds
6,source
6,soviet
6,spaces
6,speaks
6,spears
6,speech
6,speeds
6,sphere
6,spider
6,spirit
6,spoken
6,sports
6,spouse
6,spread
6,spring
6,sprint
6,square
6,stable
6,stages
6,stamps
6,stands
6,starts
6,stated
6,states
6,static
6,status
6,stayed
6,steady
6,stereo
6,sticks
6,sticky
6,stocks
6,stolen
6,stones
6,stored
6,stores
6,strain
6,strand
6,stream
6,street
6,stress
6,strict
6,strike
6,string
6,strips
6,stroke
6,strong
6,struck
6,struct
6,studio
6,stupid
6,styles
6,stylus
6,submit
6,subtle
6,sudden
6,suffer
6,suited
6,suites
6,summer
6,summit
6,sunday
6,sunset
6,superb
6,supply
6,surely
6,surrey
6,survey
6,sussex
6,suzuki
6,switch
6,symbol
6,syntax
6,system
6,tables
6,tablet
6,tackle
6,tagged
6,taking
6,talent
6,talked
6,target
6,tariff
6,tattoo
6,taught
6,temple
6,tenant
6,tender
6,tennis
6,terror
6,tested
6,thanks
6,themes
6,theory
6,thesis
6,things
6,thinks
6,thirty
6,thongs
6,though
6,thread
6,threat
6,throat
6,thrown
6,throws
6,thumbs
6,ticket
6,tigers
6,timber
6,timely
6,timing
6,tissue
6,titans
6,titled
6,titles
6,toilet
6,tomato
6,tongue
6,topics
6,totals
6,toward
6,towers
6,toyota
6,tracks
6,trader
6,trades
6,trails
6,trains
6,trance
6,trauma
6,travel
6,treaty
6,trends
6,trials
6,tribal
6,tribes
6,tricks
6,triple
6,trivia
6,troops
6,trucks
6,trusts
6,trying
6,tucson
6,tuning
6,tunnel
6,turkey
6,turned
6,turner
6,turtle
6,twelve
6,twenty
6,typing
6,unable
6,unions
6,unique
6,united
6,unless
6,unlike
6,unlock
6,unwrap
6,update
6,upload
6,urgent
6,useful
6,vacuum
6,valium
6,valley
6,valued
6,values
6,valves
6,varied
6,varies
6,vector
6,velvet
6,vendor
6,venues
6,verbal
6,verify
6,versus
6,vertex
6,vessel
6,victim
6,victor
6,videos
6,viewed
6,viewer
6,viking
6,villas
6,violin
6,virgin
6,virtue
6,vision
6,visits
6,visual
6,vocals
6,voices
6,volume
6,voters
6,voting
6,waiver
6,walked
6,walker
6,wallet
6,walnut
6,wanted
6,warned
6,warren
6,washer
6,waters
6,watson
6,wealth
6,weapon
6,weekly
6,weight
6,wheels
6,whilst
6,wicked
6,widely
6,willow
6,window
6,winner
6,winter
6,wiring
6,wisdom
6,wishes
6,within
6,wizard
6,wonder
6,wooden
6,worked
6,worker
6,worlds
6,worthy
6,wright
6,writer
6,writes
6,yearly
6,yellow
6,yields
6,zoning
